metric,score
precision,0.8123569794050344
recall,0.9416445623342176
f1,0.8722358722358723
