metric,score
precision,0.7908163265306123
recall,0.8587257617728532
f1,0.8233731739707836
