metric,score
precision,0.416
recall,0.2880886426592798
f1,0.3404255319148936
