metric,score
precision,0.7927107061503417
recall,0.9230769230769231
f1,0.8529411764705883
