metric,score
precision,0.5281385281385281
recall,0.3379501385041551
f1,0.41216216216216217
