metric,score
precision,0.7990970654627539
recall,0.9389920424403183
f1,0.8634146341463415
