metric,score
precision,0.7919463087248322
recall,0.9389920424403183
f1,0.8592233009708738
