metric,score
precision,0.8352941176470589
recall,0.9416445623342176
f1,0.885286783042394
