metric,score
precision,0.8465227817745803
recall,0.9363395225464191
f1,0.889168765743073
