metric,score
precision,0.5092936802973977
recall,0.37950138504155123
f1,0.43492063492063493
