metric,score
precision,0.8409090909090909
recall,0.9224376731301939
f1,0.8797886393659181
