metric,score
precision,0.38
recall,0.2631578947368421
f1,0.31096563011456624
