metric,score
precision,0.841726618705036
recall,0.9310344827586207
f1,0.8841309823677581
