metric,score
precision,0.8388625592417062
recall,0.9389920424403183
f1,0.886107634543179
