metric,score
precision,0.8026905829596412
recall,0.9496021220159151
f1,0.8699878493317131
