metric,score
precision,0.8096330275229358
recall,0.9363395225464191
f1,0.8683886838868388
