metric,score
precision,0.5355648535564853
recall,0.3545706371191136
f1,0.42666666666666664
