metric,score
precision,0.3512396694214876
recall,0.23545706371191136
f1,0.2819237147595356
