metric,score
precision,0.7994858611825193
recall,0.8614958448753463
f1,0.8293333333333334
