metric,score
precision,0.8190255220417634
recall,0.9363395225464191
f1,0.8737623762376238
