metric,score
precision,0.7914798206278026
recall,0.9363395225464191
f1,0.8578371810449574
