metric,score
precision,0.8217592592592593
recall,0.9416445623342176
f1,0.877626699629172
