metric,score
precision,0.8191214470284238
recall,0.8781163434903048
f1,0.8475935828877006
