metric,score
precision,0.8031674208144797
recall,0.9416445623342176
f1,0.8669108669108669
