metric,score
precision,0.568075117370892
recall,0.33518005540166207
f1,0.421602787456446
