metric,score
precision,0.3229571984435798
recall,0.2299168975069252
f1,0.2686084142394822
