metric,score
precision,0.7874720357941835
recall,0.9336870026525199
f1,0.8543689320388351
