metric,score
precision,0.8551068883610451
recall,0.9549071618037135
f1,0.9022556390977444
