metric,score
precision,0.8651399491094147
recall,0.9418282548476454
f1,0.9018567639257294
