metric,score
precision,0.8177676537585421
recall,0.9522546419098143
f1,0.8799019607843137
