metric,score
precision,0.29880478087649404
recall,0.2077562326869806
f1,0.2450980392156863
