metric,score
precision,0.45038167938931295
recall,0.3268698060941828
f1,0.3788121990369181
