metric,score
precision,0.8476190476190476
recall,0.9442970822281167
f1,0.8933500627352573
