metric,score
precision,0.8836633663366337
recall,0.946949602122016
f1,0.9142125480153649
