metric,score
precision,0.8113636363636364
recall,0.946949602122016
f1,0.8739290085679314
