metric,score
precision,0.4888888888888889
recall,0.3656509695290859
f1,0.4183835182250396
