metric,score
precision,0.8111888111888111
recall,0.9230769230769231
f1,0.8635235732009926
