metric,score
precision,0.8204488778054863
recall,0.9113573407202216
f1,0.8635170603674539
