metric,score
precision,0.3701067615658363
recall,0.2880886426592798
f1,0.32398753894080995
