metric,score
precision,0.7627494456762749
recall,0.9124668435013262
f1,0.8309178743961352
