metric,score
precision,0.7752808988764045
recall,0.9151193633952255
f1,0.8394160583941606
