metric,score
precision,0.7261146496815286
recall,0.9071618037135278
f1,0.8066037735849055
