metric,score
precision,0.4982456140350877
recall,0.39335180055401664
f1,0.43962848297213625
