metric,score
precision,0.7172995780590717
recall,0.9018567639257294
f1,0.799059929494712
