metric,score
precision,0.7436548223350253
recall,0.8116343490304709
f1,0.7761589403973511
