metric,score
precision,0.4652014652014652
recall,0.3518005540166205
f1,0.40063091482649843
