metric,score
precision,0.7302631578947368
recall,0.883289124668435
f1,0.7995198079231693
