metric,score
precision,0.7245119305856833
recall,0.8859416445623343
f1,0.7971360381861575
