metric,score
precision,0.7104722792607803
recall,0.9177718832891246
f1,0.8009259259259259
