metric,score
precision,0.48366013071895425
recall,0.4099722991689751
f1,0.44377811094452774
