metric,score
precision,0.735357917570499
recall,0.8992042440318302
f1,0.8090692124105012
