metric,score
precision,0.42402826855123676
recall,0.33240997229916897
f1,0.37267080745341613
