metric,score
precision,0.7375
recall,0.817174515235457
f1,0.7752956636005257
