metric,score
precision,0.7207792207792207
recall,0.883289124668435
f1,0.7938021454112039
