metric,score
precision,0.7072649572649573
recall,0.8779840848806366
f1,0.7834319526627219
