metric,score
precision,0.8202764976958525
recall,0.9442970822281167
f1,0.8779284833538841
