metric,score
precision,0.5019762845849802
recall,0.3518005540166205
f1,0.41368078175895767
