metric,score
precision,0.8213399503722084
recall,0.9168975069252078
f1,0.8664921465968587
