metric,score
precision,0.8142201834862385
recall,0.9416445623342176
f1,0.8733087330873309
