metric,score
precision,0.37344398340248963
recall,0.24930747922437674
f1,0.2990033222591362
