metric,score
precision,0.8044943820224719
recall,0.9496021220159151
f1,0.8710462287104623
