metric,score
precision,0.795045045045045
recall,0.9363395225464191
f1,0.8599269183922046
