metric,score
precision,0.708502024291498
recall,0.8045977011494253
f1,0.7534983853606028
