metric,score
precision,0.32974910394265233
recall,0.2548476454293629
f1,0.2875
