metric,score
precision,0.7572383073496659
recall,0.9018567639257294
f1,0.8232445520581113
