metric,score
precision,0.5217391304347826
recall,0.3988919667590028
f1,0.45211930926216637
