metric,score
precision,0.7441860465116279
recall,0.7977839335180056
f1,0.7700534759358288
