metric,score
precision,0.7450549450549451
recall,0.8992042440318302
f1,0.814903846153846
