metric,score
precision,0.7336244541484717
recall,0.8912466843501327
f1,0.8047904191616766
