metric,score
precision,0.84375
recall,0.9310344827586207
f1,0.8852459016393444
