metric,score
precision,0.8333333333333334
recall,0.9279778393351801
f1,0.8781127129750984
