metric,score
precision,0.8509615384615384
recall,0.9389920424403183
f1,0.89281210592686
