metric,score
precision,0.5045045045045045
recall,0.31024930747922436
f1,0.38421955403087477
