metric,score
precision,0.8297872340425532
recall,0.9310344827586207
f1,0.8775
