metric,score
precision,0.8397129186602871
recall,0.9310344827586207
f1,0.8830188679245283
