metric,score
precision,0.7767857142857143
recall,0.9230769230769231
f1,0.8436363636363636
