metric,score
precision,0.7840616966580977
recall,0.8448753462603878
f1,0.8133333333333332
