metric,score
precision,0.5657370517928287
recall,0.39335180055401664
f1,0.46405228758169936
