metric,score
precision,0.3188405797101449
recall,0.24376731301939059
f1,0.27629513343799056
