metric,score
precision,0.732776617954071
recall,0.9310344827586207
f1,0.8200934579439252
