metric,score
precision,0.7816091954022989
recall,0.9018567639257294
f1,0.8374384236453203
