metric,score
precision,0.7747747747747747
recall,0.9124668435013262
f1,0.8380024360535931
