metric,score
precision,0.8084632516703786
recall,0.9628647214854111
f1,0.8789346246973366
