metric,score
precision,0.48109965635738833
recall,0.3878116343490305
f1,0.4294478527607362
