metric,score
precision,0.8512195121951219
recall,0.9257294429708223
f1,0.8869123252858959
