metric,score
precision,0.3673469387755102
recall,0.24930747922437674
f1,0.29702970297029707
