metric,score
precision,0.8556701030927835
recall,0.9196675900277008
f1,0.8865153538050734
