metric,score
precision,0.8578199052132701
recall,0.9602122015915119
f1,0.9061326658322904
