metric,score
precision,0.8348837209302326
recall,0.9522546419098143
f1,0.8897149938042132
