metric,score
precision,0.7757847533632287
recall,0.9177718832891246
f1,0.8408262454434994
