metric,score
precision,0.7853535353535354
recall,0.8614958448753463
f1,0.8216644649933948
