metric,score
precision,0.5795454545454546
recall,0.42382271468144045
f1,0.48960000000000004
