metric,score
precision,0.7726269315673289
recall,0.9283819628647215
f1,0.8433734939759036
