metric,score
precision,0.4027777777777778
recall,0.32132963988919666
f1,0.3574730354391371
