metric,score
precision,0.7521929824561403
recall,0.9098143236074271
f1,0.8235294117647058
