metric,score
precision,0.7483731019522777
recall,0.9151193633952255
f1,0.8233890214797136
