metric,score
precision,0.7746781115879828
recall,0.9575596816976127
f1,0.8564650059311981
