metric,score
precision,0.4847328244274809
recall,0.3518005540166205
f1,0.4077046548956662
