metric,score
precision,0.8474178403755869
recall,0.9575596816976127
f1,0.8991282689912827
