metric,score
precision,0.328125
recall,0.23268698060941828
f1,0.2722852512155592
