metric,score
precision,0.8308080808080808
recall,0.9113573407202216
f1,0.8692206076618229
