metric,score
precision,0.8108108108108109
recall,0.9549071618037135
f1,0.8769792935444579
