metric,score
precision,0.8310185185185185
recall,0.9522546419098143
f1,0.8875154511742893
