metric,score
precision,0.8441860465116279
recall,0.9628647214854111
f1,0.899628252788104
