metric,score
precision,0.4368932038834951
recall,0.24930747922437674
f1,0.31746031746031744
