metric,score
precision,0.8441247002398081
recall,0.9336870026525199
f1,0.8866498740554156
