metric,score
precision,0.316
recall,0.2188365650969529
f1,0.25859247135842883
