metric,score
precision,0.8358585858585859
recall,0.9168975069252078
f1,0.8745046235138705
