metric,score
precision,0.8444976076555024
recall,0.9363395225464191
f1,0.8880503144654088
