metric,score
precision,0.8229885057471265
recall,0.9496021220159151
f1,0.8817733990147782
