metric,score
precision,0.8094170403587444
recall,0.9575596816976127
f1,0.8772782503037667
