metric,score
precision,0.4792626728110599
recall,0.2880886426592798
f1,0.35986159169550175
