metric,score
precision,0.8358974358974359
recall,0.9030470914127424
f1,0.8681757656458057
