metric,score
precision,0.3534136546184739
recall,0.24376731301939059
f1,0.2885245901639344
