metric,score
precision,0.8225806451612904
recall,0.946949602122016
f1,0.8803945745992603
