metric,score
precision,0.7906458797327395
recall,0.9416445623342176
f1,0.8595641646489104
