metric,score
precision,0.8013698630136986
recall,0.9310344827586207
f1,0.8613496932515338
