metric,score
precision,0.8762135922330098
recall,0.9575596816976127
f1,0.9150823827629911
