metric,score
precision,0.28185328185328185
recall,0.20221606648199447
f1,0.23548387096774195
