metric,score
precision,0.850356294536817
recall,0.9496021220159151
f1,0.8972431077694236
