metric,score
precision,0.4578313253012048
recall,0.3157894736842105
f1,0.37377049180327865
