metric,score
precision,0.8634020618556701
recall,0.9279778393351801
f1,0.8945260347129507
