metric,score
precision,0.851063829787234
recall,0.9549071618037135
f1,0.9
