metric,score
precision,0.8634146341463415
recall,0.9389920424403183
f1,0.8996188055908513
