metric,score
precision,0.7981438515081206
recall,0.9124668435013262
f1,0.8514851485148515
