metric,score
precision,0.5941422594142259
recall,0.39335180055401664
f1,0.4733333333333334
