metric,score
precision,0.33797909407665505
recall,0.26869806094182824
f1,0.2993827160493827
