metric,score
precision,0.7797752808988764
recall,0.9204244031830239
f1,0.8442822384428225
