metric,score
precision,0.7487684729064039
recall,0.8421052631578947
f1,0.7926988265971315
