metric,score
precision,0.7611607142857143
recall,0.9045092838196287
f1,0.8266666666666667
