metric,score
precision,0.7605321507760532
recall,0.9098143236074271
f1,0.8285024154589372
