metric,score
precision,0.8494117647058823
recall,0.9575596816976127
f1,0.9002493765586036
