metric,score
precision,0.2894736842105263
recall,0.21329639889196675
f1,0.2456140350877193
