metric,score
precision,0.3712121212121212
recall,0.27146814404432135
f1,0.31360000000000005
