metric,score
precision,0.8776041666666666
recall,0.9335180055401662
f1,0.9046979865771811
