metric,score
precision,0.8293838862559242
recall,0.9283819628647215
f1,0.8760951188986232
