metric,score
precision,0.8490566037735849
recall,0.9549071618037135
f1,0.898876404494382
