metric,score
precision,0.7960526315789473
recall,0.9628647214854111
f1,0.8715486194477791
