metric,score
precision,0.7276595744680852
recall,0.9071618037135278
f1,0.8075560802833531
