metric,score
precision,0.766743648960739
recall,0.8806366047745358
f1,0.8197530864197531
