metric,score
precision,0.38636363636363635
recall,0.28254847645429365
f1,0.32639999999999997
