metric,score
precision,0.5071428571428571
recall,0.39335180055401664
f1,0.44305772230889234
