metric,score
precision,0.703862660944206
recall,0.870026525198939
f1,0.7781731909845788
