metric,score
precision,0.7262693156732892
recall,0.8726790450928382
f1,0.7927710843373494
