metric,score
precision,0.793859649122807
recall,0.9602122015915119
f1,0.8691476590636255
