metric,score
precision,0.8360655737704918
recall,0.946949602122016
f1,0.8880597014925372
