metric,score
precision,0.35655737704918034
recall,0.2409972299168975
f1,0.28760330578512394
