metric,score
precision,0.8615384615384616
recall,0.9307479224376731
f1,0.8948069241011984
