metric,score
precision,0.48095238095238096
recall,0.27977839335180055
f1,0.3537653239929947
