metric,score
precision,0.8136363636363636
recall,0.9496021220159151
f1,0.876376988984088
