metric,score
precision,0.831353919239905
recall,0.9283819628647215
f1,0.8771929824561403
