metric,score
precision,0.8341013824884793
recall,0.9602122015915119
f1,0.8927250308261405
