metric,score
precision,0.8680738786279684
recall,0.9113573407202216
f1,0.8891891891891892
