metric,score
precision,0.42435424354243545
recall,0.3185595567867036
f1,0.3639240506329114
