metric,score
precision,0.24150943396226415
recall,0.1772853185595568
f1,0.20447284345047922
