metric,score
precision,0.8294930875576036
recall,0.9549071618037135
f1,0.8877928483353883
