metric,score
precision,0.8486997635933806
recall,0.9522546419098143
f1,0.8975
