metric,score
precision,0.7972350230414746
recall,0.9177718832891246
f1,0.8532675709001233
