metric,score
precision,0.32441471571906355
recall,0.26869806094182824
f1,0.29393939393939394
