metric,score
precision,0.7738359201773836
recall,0.9257294429708223
f1,0.8429951690821256
