metric,score
precision,0.7752525252525253
recall,0.850415512465374
f1,0.8110964332893
