metric,score
precision,0.5430711610486891
recall,0.40166204986149584
f1,0.46178343949044587
