metric,score
precision,0.751101321585903
recall,0.9045092838196287
f1,0.8206979542719616
