metric,score
precision,0.7533039647577092
recall,0.9071618037135278
f1,0.8231046931407942
