metric,score
precision,0.7893569844789357
recall,0.9442970822281167
f1,0.8599033816425121
