metric,score
precision,0.34600760456273766
recall,0.2520775623268698
f1,0.2916666666666667
