metric,score
precision,0.5684647302904564
recall,0.37950138504155123
f1,0.4551495016611296
