metric,score
precision,0.7935779816513762
recall,0.9177718832891246
f1,0.8511685116851168
