metric,score
precision,0.8029925187032418
recall,0.8919667590027701
f1,0.8451443569553806
