metric,score
precision,0.7748344370860927
recall,0.9310344827586207
f1,0.8457831325301204
