metric,score
precision,0.7663755458515283
recall,0.9310344827586207
f1,0.8407185628742514
