metric,score
precision,0.7697368421052632
recall,0.9310344827586207
f1,0.8427370948379351
