metric,score
precision,0.33454545454545453
recall,0.2548476454293629
f1,0.2893081761006289
