metric,score
precision,0.7888631090487239
recall,0.9018567639257294
f1,0.8415841584158417
