metric,score
precision,0.769620253164557
recall,0.8421052631578947
f1,0.8042328042328042
