metric,score
precision,0.5669291338582677
recall,0.3988919667590028
f1,0.46829268292682924
