metric,score
precision,0.7619047619047619
recall,0.8912466843501327
f1,0.8215158924205378
