metric,score
precision,0.7649667405764967
recall,0.9151193633952255
f1,0.8333333333333335
