metric,score
precision,0.812933025404157
recall,0.9336870026525199
f1,0.8691358024691358
