metric,score
precision,0.7994987468671679
recall,0.8836565096952909
f1,0.8394736842105263
