metric,score
precision,0.5188284518828452
recall,0.34349030470914127
f1,0.41333333333333333
