metric,score
precision,0.8040540540540541
recall,0.946949602122016
f1,0.8696711327649208
