metric,score
precision,0.41935483870967744
recall,0.2880886426592798
f1,0.3415435139573071
