metric,score
precision,0.7570498915401301
recall,0.9257294429708223
f1,0.8329355608591885
