metric,score
precision,0.7527352297592997
recall,0.9124668435013262
f1,0.8249400479616307
