metric,score
precision,0.7784946236559139
recall,0.9602122015915119
f1,0.8598574821852731
