metric,score
precision,0.8087557603686636
recall,0.9310344827586207
f1,0.8655980271270037
