metric,score
precision,0.4552238805970149
recall,0.3379501385041551
f1,0.3879173290937996
