metric,score
precision,0.8354430379746836
recall,0.9141274238227147
f1,0.873015873015873
