metric,score
precision,0.3453815261044177
recall,0.23822714681440443
f1,0.2819672131147541
