metric,score
precision,0.7921225382932167
recall,0.9602122015915119
f1,0.8681055155875301
