metric,score
precision,0.8239277652370203
recall,0.9681697612732095
f1,0.8902439024390244
