metric,score
precision,0.802247191011236
recall,0.946949602122016
f1,0.8686131386861313
