metric,score
precision,0.815
recall,0.9030470914127424
f1,0.8567674113009198
