metric,score
precision,0.5070422535211268
recall,0.29916897506925205
f1,0.3763066202090592
