metric,score
precision,0.44881889763779526
recall,0.3157894736842105
f1,0.37073170731707317
