metric,score
precision,0.7995444191343963
recall,0.9310344827586207
f1,0.8602941176470588
