metric,score
precision,0.8117913832199547
recall,0.9496021220159151
f1,0.8753056234718827
