metric,score
precision,0.8414918414918415
recall,0.9575596816976127
f1,0.8957816377171216
