metric,score
precision,0.3359683794466403
recall,0.23545706371191136
f1,0.27687296416938106
