metric,score
precision,0.8387096774193549
recall,0.9655172413793104
f1,0.8976572133168927
