metric,score
precision,0.4657534246575342
recall,0.28254847645429365
f1,0.35172413793103446
