metric,score
precision,0.8607594936708861
recall,0.9418282548476454
f1,0.8994708994708994
