metric,score
precision,0.8376470588235294
recall,0.9442970822281167
f1,0.8877805486284289
