metric,score
precision,0.8321678321678322
recall,0.946949602122016
f1,0.8858560794044665
