metric,score
precision,0.7366167023554604
recall,0.9124668435013262
f1,0.8151658767772513
