metric,score
precision,0.7272727272727273
recall,0.9124668435013262
f1,0.8094117647058824
