metric,score
precision,0.7391304347826086
recall,0.8005540166204986
f1,0.7686170212765958
