metric,score
precision,0.53125
recall,0.42382271468144045
f1,0.4714946070878275
