metric,score
precision,0.4456140350877193
recall,0.3518005540166205
f1,0.39318885448916413
