metric,score
precision,0.7290748898678414
recall,0.8779840848806366
f1,0.7966305655836342
