metric,score
precision,0.7286652078774617
recall,0.883289124668435
f1,0.7985611510791367
