metric,score
precision,0.8375870069605569
recall,0.9575596816976127
f1,0.8935643564356436
