metric,score
precision,0.8538461538461538
recall,0.9224376731301939
f1,0.8868175765645805
