metric,score
precision,0.5377358490566038
recall,0.3157894736842105
f1,0.39790575916230364
