metric,score
precision,0.35019455252918286
recall,0.24930747922437674
f1,0.29126213592233013
