metric,score
precision,0.85
recall,0.946949602122016
f1,0.8958594730238394
