metric,score
precision,0.8430913348946136
recall,0.9549071618037135
f1,0.8955223880597015
