metric,score
precision,0.8283752860411899
recall,0.9602122015915119
f1,0.8894348894348894
