metric,score
precision,0.5038461538461538
recall,0.3628808864265928
f1,0.4219001610305958
