metric,score
precision,0.8054298642533937
recall,0.9442970822281167
f1,0.8693528693528694
