metric,score
precision,0.42745098039215684
recall,0.30193905817174516
f1,0.3538961038961039
