metric,score
precision,0.8454332552693209
recall,0.9575596816976127
f1,0.8980099502487563
