metric,score
precision,0.8227272727272728
recall,0.9602122015915119
f1,0.8861689106487148
