metric,score
precision,0.8267898383371824
recall,0.9496021220159151
f1,0.8839506172839506
