metric,score
precision,0.8329048843187661
recall,0.8975069252077562
f1,0.864
