metric,score
precision,0.36254980079681276
recall,0.2520775623268698
f1,0.2973856209150327
