metric,score
precision,0.7946428571428571
recall,0.9442970822281167
f1,0.8630303030303031
