metric,score
precision,0.4981684981684982
recall,0.3767313019390582
f1,0.4290220820189275
