metric,score
precision,0.8405797101449275
recall,0.9230769230769231
f1,0.8798988621997472
