metric,score
precision,0.8285714285714286
recall,0.9230769230769231
f1,0.8732747804265998
