metric,score
precision,0.8211009174311926
recall,0.9496021220159151
f1,0.8806888068880689
