metric,score
precision,0.40229885057471265
recall,0.29085872576177285
f1,0.33762057877813506
