metric,score
precision,0.8392434988179669
recall,0.9416445623342176
f1,0.8875000000000001
