metric,score
precision,0.8084577114427861
recall,0.9002770083102493
f1,0.8519003931847968
