metric,score
precision,0.46691176470588236
recall,0.3518005540166205
f1,0.40126382306477093
