metric,score
precision,0.797752808988764
recall,0.9416445623342176
f1,0.8637469586374695
