metric,score
precision,0.8091954022988506
recall,0.9336870026525199
f1,0.8669950738916256
